{"accuracy": [0.6753246784210205, 0.7829313278198242, 0.842300534248352, 0.8404452800750732, 0.8682745695114136, 0.8571428656578064, 0.8849721550941467, 0.8794063329696655, 0.8571428656578064, 0.8701298832893372, 0.8738404512405396, 0.8756957054138184, 0.9072356224060059, 0.8627087473869324, 0.8497217297554016, 0.8627087473869324, 0.9072356224060059, 0.9146567583084106, 0.918367326259613, 0.9109461903572083, 0.8849721550941467, 0.9128015041351318, 0.9072356224060059, 0.9369202256202698, 0.9276437759399414], "loss": [5.8617262840271, 2.570660352706909, 1.4989947080612183, 1.1018288135528564, 0.8451740741729736, 0.7430080771446228, 0.6382948160171509, 0.5905230045318604, 0.5519789457321167, 0.5084344148635864, 0.48780253529548645, 0.49426332116127014, 0.4354999363422394, 0.4638642966747284, 0.5214064717292786, 0.49255678057670593, 0.39436236023902893, 0.4015780985355377, 0.3817629814147949, 0.3691992461681366, 0.4034169614315033, 0.3629710078239441, 0.3616124391555786, 0.3359084129333496, 0.3367888033390045], "val_accuracy": [0.6567164063453674, 0.6716417670249939, 0.7761194109916687, 0.641791045665741, 0.7761194109916687, 0.8059701323509216, 0.7761194109916687, 0.8656716346740723, 0.7761194109916687, 0.8358209133148193, 0.8059701323509216, 0.7910447716712952, 0.7761194109916687, 0.6716417670249939, 0.7313432693481445, 0.9104477763175964, 0.89552241563797, 0.89552241563797, 0.8805969953536987, 0.89552241563797, 0.8805969953536987, 0.89552241563797, 0.8656716346740723, 0.8656716346740723, 0.89552241563797], "val_loss": [3.743506669998169, 2.0461158752441406, 1.332966923713684, 1.3058983087539673, 0.8654513955116272, 0.772878885269165, 0.7150055766105652, 0.5986038446426392, 0.6208364963531494, 0.5505486130714417, 0.575528621673584, 0.6056919097900391, 0.5815519094467163, 0.726006031036377, 0.6728204488754272, 0.4430617690086365, 0.4646589756011963, 0.47091570496559143, 0.43969374895095825, 0.4130750000476837, 0.4337143898010254, 0.43020889163017273, 0.4237259328365326, 0.44756174087524414, 0.40326911211013794], "learning_rate": [0.0010000000474974513, 0.0010000000474974513, 0.0010000000474974513, 0.0010000000474974513, 0.0010000000474974513, 0.0010000000474974513, 0.0010000000474974513, 0.0010000000474974513, 0.0010000000474974513, 0.0010000000474974513, 0.0010000000474974513, 0.0010000000474974513, 0.0010000000474974513, 0.0010000000474974513, 0.0010000000474974513, 0.00020000000949949026, 0.00020000000949949026, 0.00020000000949949026, 0.00020000000949949026, 0.00020000000949949026, 0.00020000000949949026, 0.00020000000949949026, 0.00020000000949949026, 0.00020000000949949026, 0.00020000000949949026]}